title_id,name,promotion,active,names,rating,votes
891,NWA Mountain State Television Championship,389,False,"NWA Mountain State Television Championship,",,
4799,WWE NXT Heritage Cup Championship,1,True,"WWE NXT Heritage Cup Championship,WWE NXT UK Heritage Cup Championship,",7.36,28.0
2021,WWE NXT Women's Championship,1,True,"WWE NXT Women's Championship,WWE NXT  Championship,WWE NXT Women's Championship,",9.09,234.0
16,WWE Intercontinental Championship,1,True,"WWE Intercontinental Championship,Intercontinental Championship,WWE Intercontinental Championship,WWF Intercontinental Championship,",8.18,451.0
392,IWGP U-30 Openweight Championship,7,False,"IWGP U-30 Openweight Championship,U-30 Openweight Championship,",,
229,AWA World Tag Team Championship,41,False,"AWA World Tag Team Championship,",,
142,GHC Junior Heavyweight Championship,8,True,"GHC Junior Heavyweight Championship,",8.34,41.0
2002,PWF World Tag Team Championship,6,False,"PWF World Tag Team Championship,",,
890,MSW Heavyweight    Championship,389,False,"MSW Heavyweight    Championship,NWA Mountain State Wrestling Heavyweight Championship,MSW Heavyweight    Championship,",,
3672,WWF North American Heavyweight Championship,1,False,"WWF North American Heavyweight Championship,WWF North American Championship,WWWF North American Championship,",7.0,1.0
3323,Tried-N-True Championship,1572,True,"Tried-N-True Championship,",,
1417,WCW World Women's Cruiserweight Championship,2,False,"WCW World Women's Cruiserweight Championship,",1.0,1.0
2074,UWF Heavyweight   Championship,661,False,"UWF Heavyweight   Championship,WWF International Championship,",,
390,OPW Tag Team Championship,81,True,"OPW Tag Team Championship,",,
2947,WrestlePro Gold Championship,1654,True,"WrestlePro Gold Championship,WrestlePro Championship,",,
2003,King Of FREEDOM World Championship,602,True,"King Of FREEDOM World Championship,",9.5,2.0
3052,NWF North American Heavyweight Championship,739,False,"NWF North American Heavyweight Championship,NWA Upstate North American Heavyweight Championship,",,
3580,ICW Alternative Championship,390,True,"ICW Alternative Championship,",,
96,CMLL World Tag Team Championship,78,True,"CMLL World Tag Team Championship,",,
773,AAA Mega Championship,122,True,"AAA Mega Championship,",8.25,16.0
1605,CMLL-JAST International Junior Heavyweight Championship,1780,False,"CMLL-JAST International Junior Heavyweight Championship,CMLL-REINA International Junior Heavyweight Championship,",,
1819,REINA-CMLL International Championship,752,False,"REINA-CMLL International Championship,",,
130,Osaka Pro Championship,81,True,"Osaka Pro Championship,Osaka Openweight Championship,OPW Championship,",,
472,NWA Western States Heritage Championship,9,False,"NWA Western States Heritage Championship,",1.0,3.0
2671,GFW Global Championship,1303,False,"GFW Global Championship,",3.5,2.0
17,World Heavyweight Championship,1,False,"World Heavyweight Championship,",8.93,357.0
235,FIP World Heavyweight Championship,47,True,"FIP World Heavyweight Championship,FIP Heavyweight Championship,",7.47,19.0
1976,RevPro Undisputed British Heavyweight Championship,962,True,"RevPro Undisputed British Heavyweight Championship,RevPro British Heavyweight Championship,",8.71,35.0
2451,Southside Women's Championship,962,False,"Southside Women's Championship,Queen Of Southside Championship,",,
5651,CMLL Rey Del Inframundo Championship,78,True,"CMLL Rey Del Inframundo Championship,",,
4370,AEW Women's World Championship,2287,True,"AEW Women's World Championship,",6.36,146.0
84,ZERO1 United National Heavyweight Championship,13,True,"ZERO1 United National Heavyweight Championship,ZERO1-MAX United National Heavyweight Championship,NWA United National Heavyweight Championship,",,
3692,HOH Twitch Television Championship,949,False,"HOH Twitch Television Championship,",,
1984,WildKat Revolution Championship,846,True,"WildKat Revolution Championship,",8.0,1.0
744,BJW Heavyweight Championship,117,False,"BJW Heavyweight Championship,",,
1770,WAVE Tag Team Championship,326,True,"WAVE Tag Team Championship,",,
1499,NWA Mountain Empire Championship,726,False,"NWA Mountain Empire Championship,",,
621,ROW Heavyweight Championship,304,True,"ROW Heavyweight Championship,PWA Heavyweight Championship,",,
1154,AAA Americas Trios Championship,122,False,"AAA Americas Trios Championship,",,
4099,IWGP World Heavyweight Championship,7,True,"IWGP World Heavyweight Championship,",7.69,84.0
14,WWE Hardcore Championship,1,False,"WWE Hardcore Championship,WWF Hardcore Championship,",4.59,167.0
3741,Guardians Of RISE Championship,1876,True,"Guardians Of RISE Championship,",,
613,IWGP Third Belt Championship,263,False,"IWGP Third Belt Championship,",1.88,33.0
5645,DEFY Women's Championship,1915,True,"DEFY Women's Championship,",,
5177,Spirit Of Ganbare World Openweight Championship,118,True,"Spirit Of Ganbare World Openweight Championship,",,
4000,WWE NXT UK Tag Team Championship,1,False,"WWE NXT UK Tag Team Championship,",7.98,43.0
4380,DDT Iron Man Heavy Metal Championship,118,True,"DDT Iron Man Heavy Metal Championship,",9.25,52.0
1903,KO-D Six Man Tag Team Championship,118,True,"KO-D Six Man Tag Team Championship,",7.44,9.0
5967,SGP Global Junior Heavyweight Championship,3237,True,"SGP Global Junior Heavyweight Championship,",,
1740,SWE Speed King Championship,962,False,"SWE Speed King Championship,",,
2910,NWA United States Tag Team     Championship,726,False,"NWA United States Tag Team     Championship,",,
531,Mexican National Atomicos Championship,122,False,"Mexican National Atomicos Championship,",,
1559,NWA World Historic Welterweight Championship,78,True,"NWA World Historic Welterweight Championship,",10.0,1.0
23,AJPW World Junior Heavyweight Championship,6,True,"AJPW World Junior Heavyweight Championship,",7.0,16.0
1531,IWGP Intercontinental Championship,7,False,"IWGP Intercontinental Championship,",9.32,192.0
3397,NWA Los Angeles Beat The Champ Championship,682,False,"NWA Los Angeles Beat The Champ Championship,NWA Los Angeles Wrestling Jackpot Championship,NWA Los Angeles Beat The Champ Championship,",,
410,UWA World Trios Championship,1127,True,"UWA World Trios Championship,",,
2201,NWA FUW Flash Championship,768,True,"NWA FUW Flash Championship,FUW Flash Championship,",,
3823,BLP Heavyweight Championship,2009,True,"BLP Heavyweight Championship,",,
133,NWA United States Heavyweight Championship,9,False,"NWA United States Heavyweight Championship,",9.33,3.0
4420,Midwest Territory Championship,1924,False,"Midwest Territory Championship,",,
523,Mexican National Mini's Championship,122,False,"Mexican National Mini's Championship,",,
158,NWA World Television   Championship,15,False,"NWA World Television   Championship,NWA Wildside Television Championship,NCW Television   Championship,",,
4394,GHC National Championship,8,True,"GHC National Championship,",9.0,21.0
1294,Super X GPCW Monster Championship,646,False,"Super X GPCW Monster Championship,",,
2974,Kaiju Double Danger Tandem Championship,1024,True,"Kaiju Double Danger Tandem Championship,",,
5764,GP MAX Openweight Championship,2793,True,"GP MAX Openweight Championship,",,
139,NWA World Welterweight Championship,1632,False,"NWA World Welterweight Championship,J-Crown Championship,NWA World Welterweight Championship,",,
432,NWA International Junior Heavyweight Championship,9,False,"NWA International Junior Heavyweight Championship,NWA World International Junior Heavyweight Championship,",10.0,2.0
1301,DAWG Heavyweight Championship,650,True,"DAWG Heavyweight Championship,NWA DAWG Heavyweight Championship,NWA DAWG Pound Heavyweight Championship,",,
134,NWA World Junior Heavyweight Championship,9,True,"NWA World Junior Heavyweight Championship,J-Crown Championship,NWA World Junior Heavyweight Championship,",7.89,9.0
1671,Goddesses Of Stardom Championship,745,True,"Goddesses Of Stardom Championship,",8.67,18.0
1481,Xplosion World Championship,732,True,"Xplosion World Championship,XNL World Championship,XNL Championship,",,
3,ECW World Tag Team Championship,3,False,"ECW World Tag Team Championship,ECW Tag Team Championship,",7.07,30.0
3680,ROH Women Of Honor World Championship,4,False,"ROH Women Of Honor World Championship,ROH Women Of Honor Championship,",3.73,15.0
742,WCW World Six Man Tag Team Championship,2,False,"WCW World Six Man Tag Team Championship,",1.43,23.0
2711,Yokohama Shopping Street Six Man Tag Team Championship,117,True,"Yokohama Shopping Street Six Man Tag Team Championship,",5.0,2.0
101,CZW Tag Team Championship,14,True,"CZW Tag Team Championship,",6.64,14.0
1082,AAA Mascota Tag Team Championship,122,True,"AAA Mascota Tag Team Championship,",,
90,BCW Can-Am Tag Team Championship,1659,True,"BCW Can-Am Tag Team Championship,MXPW Tag Team  Championship,BCW Can-Am Tag Team Championship,",,
60,World Tag Team Championship,1,False,"World Tag Team Championship,WWE World Tag Team Championship,WWF World Tag Team Championship,WWF Tag Team Championship,WWWF Tag Team Championship,",7.27,154.0
3560,wXw Women's Championship,35,True,"wXw Women's Championship,",5.14,7.0
5282,CCW Canadian Heavyweight Championship,557,True,"CCW Canadian Heavyweight Championship,",,
3125,PROGRESS Atlas Championship,903,True,"PROGRESS Atlas Championship,",8.89,18.0
6019,NJPW STRONG Women's Championship,7,True,"NJPW STRONG Women's Championship,",,
3119,WWE NXT Cruiserweight Championship,1,False,"WWE NXT Cruiserweight Championship,WWE Cruiserweight  Championship,",7.04,113.0
3117,WWE SmackDown Tag Team Championship,1,True,"WWE SmackDown Tag Team Championship,",5.87,109.0
428,MCW Tag Team Championship,152,True,"MCW Tag Team Championship,",,
2416,ROW Television Championship,304,True,"ROW Television Championship,ROW Internet Championship,",,
221,Independent Junior Heavyweight Championship,117,True,"Independent Junior Heavyweight Championship,Independent World Junior Heavyweight Championship,FMW World Junior Heavyweight Championship,Independent World Junior Heavyweight Championship,",7.5,2.0
2251,Smash Wrestling Championship,992,True,"Smash Wrestling Championship,",,
1645,ZERO1 World Junior Heavyweight Championship,13,True,"ZERO1 World Junior Heavyweight Championship,NWA World Junior Heavyweight  Championship,",,
1466,NWA Smoky Mountain Tag Team Championship,726,False,"NWA Smoky Mountain Tag Team Championship,NWA Tennessee Tag Team Championship,NWA Smoky Mountain Tag Team Championship,CWA World Tag Team Championship,",,
1342,wXw Unified World Wrestling Championship,35,True,"wXw Unified World Wrestling Championship,",8.93,41.0
3747,Mid-South Mississippi Championship,64,False,"Mid-South Mississippi Championship,NWA Tri-State Mississippi Championship,",,
19,WWE Cruiserweight Championship,1,False,"WWE Cruiserweight Championship,WWF Cruiserweight Championship,WCW Cruiserweight Championship,",5.47,145.0
365,WLW Heavyweight Championship,258,True,"WLW Heavyweight Championship,",6.0,2.0
2681,IWA World Tag Team  Championship,1153,False,"IWA World Tag Team  Championship,",,
826,WWWF United States Tag Team Championship,1,False,"WWWF United States Tag Team Championship,NWA Capitol Wrestling United States Tag Team Championship,",4.5,2.0
122,ROH World Tag Team Championship,4,True,"ROH World Tag Team Championship,ROH Tag Team Championship,",8.66,109.0
3679,WWE NXT North American Championship,1,True,"WWE NXT North American Championship,",8.3,105.0
827,WWF Junior Heavyweight Championship,7,False,"WWF Junior Heavyweight Championship,WWWF Junior Heavyweight Championship,",6.0,1.0
146,IWGP Junior Heavyweight Championship,7,True,"IWGP Junior Heavyweight Championship,J-Crown Championship,IWGP Junior Heavyweight Championship,",9.28,184.0
649,Open The Twin Gate Championship,96,True,"Open The Twin Gate Championship,",7.29,17.0
2811,WCR Heavyweight Championship,1661,True,"WCR Heavyweight Championship,IWR Heavyweight  Championship,",,
2714,PPW Heavyweight   Championship,1526,True,"PPW Heavyweight   Championship,",,
1912,WWE NXT Tag Team Championship,1,True,"WWE NXT Tag Team Championship,",8.37,150.0
3317,WWN Championship,1461,False,"WWN Championship,",,
790,UWF Television Championship,64,False,"UWF Television Championship,Mid-South Television Championship,",,
100,Honorary CZW Junior Heavyweight Championship,14,False,"Honorary CZW Junior Heavyweight Championship,CZW Junior Heavyweight Championship,",7.67,6.0
3669,Future Of Stardom Championship,745,True,"Future Of Stardom Championship,",6.75,12.0
150,WCW World Television Championship,2,False,"WCW World Television Championship,",6.82,50.0
314,Open The Triangle Gate Championship,96,True,"Open The Triangle Gate Championship,",8.68,19.0
529,Mexican National Women's Tag Team Championship,,False,"Mexican National Women's Tag Team Championship,",,
13,WWE European Championship,1,False,"WWE European Championship,WWF European Championship,",5.94,108.0
2262,IWA World Heavyweight   Championship,1936,True,"IWA World Heavyweight   Championship,IWA International Heavyweight Championship,",,
3514,The Crash Heavyweight Championship,1113,True,"The Crash Heavyweight Championship,",,
5153,PWR Remix Championship,1779,True,"PWR Remix Championship,",,
86,NWA International Lightweight Tag Team Championship,13,True,"NWA International Lightweight Tag Team Championship,ZERO1-MAX Lightweight Tag Team Championship,NWA International Lightweight Tag Team Championship,",,
740,KO-D Tag Team Championship,118,True,"KO-D Tag Team Championship,",8.6,10.0
5034,Loko Championship,3007,True,"Loko Championship,",,
3412,BJW Junior Heavyweight Championship,117,True,"BJW Junior Heavyweight Championship,",7.63,8.0
1469,Innovate Television Championship,726,False,"Innovate Television Championship,IPW Television Championship,NWA Smoky Mountain Television Championship,NWA Southern Television  Championship,NWA Smoky Mountain Television Championship,CWA Television Championship,",,
532,Mexican National Trios Championship,78,True,"Mexican National Trios Championship,",,
93,CMLL World Middleweight Championship,78,True,"CMLL World Middleweight Championship,",,
897,NWA OVW Light Heavyweight Championship,11,False,"NWA OVW Light Heavyweight Championship,",,
1287,AAA Reina de Reinas Championship,122,True,"AAA Reina de Reinas Championship,",7.75,4.0
4319,International Princess Championship,1467,True,"International Princess Championship,",7.0,2.0
1093,IWA Caribbean Heavyweight Championship,22,True,"IWA Caribbean Heavyweight Championship,MLW Caribbean Heavyweight Championship,IWA Caribbean Heavyweight Championship,",6.0,1.0
1353,Occidente Tag Team Championship,78,True,"Occidente Tag Team Championship,",,
411,IWS World Heavyweight Championship,50,True,"IWS World Heavyweight Championship,IWS Heavyweight Championship,WWS Heavyweight  Championship,DWF  Championship,",,
1558,NWA World Historic Middleweight Championship,78,True,"NWA World Historic Middleweight Championship,",,
508,Mexican National Welterweight Championship,78,True,"Mexican National Welterweight Championship,",,
989,NWA Florida Tag Team Championship,1591,False,"NWA Florida Tag Team Championship,PWF Tag Team       Championship,FCW Tag Team Championship,NWA Florida Tag Team Championship,",,
1802,Occidente Heavyweight Championship,78,True,"Occidente Heavyweight Championship,",,
911,NWA International Tag Team Championship,6,False,"NWA International Tag Team Championship,",,
98,CZW World Heavyweight Championship,14,True,"CZW World Heavyweight Championship,CZW Heavyweight Championship,",7.67,36.0
4331,AEW World Championship,2287,True,"AEW World Championship,",9.36,247.0
2670,GFW Women's Championship,1303,False,"GFW Women's Championship,",,
1140,AAA World Cruiserweight Championship,122,True,"AAA World Cruiserweight Championship,",,
5090,ROH Women's World Championship,4,True,"ROH Women's World Championship,",8.0,11.0
258,IWA Puerto Rico Intercontinental Championship,51,True,"IWA Puerto Rico Intercontinental Championship,",,
1859,IWA United States Heavyweight Championship,2260,False,"IWA United States Heavyweight Championship,NWA United States Heavyweight    Championship,",,
4216,TNT Extreme Division Championship,1530,True,"TNT Extreme Division Championship,",,
4128,BLP Midwest Championship,2009,True,"BLP Midwest Championship,BLP Indiana State Championship,",,
2964,Princess Of Princess Championship,1467,True,"Princess Of Princess Championship,TOKYO Princess Of Princess Championship,",9.46,13.0
534,CMLL World Mini Estrella Championship,78,True,"CMLL World Mini Estrella Championship,",,
1249,CWFH Heritage Tag Team Championship,966,False,"CWFH Heritage Tag Team Championship,NWA Heritage Tag Team Championship,M1W Heritage Tag Team Championship,M1W Tag Team Championship,",,
995,SHIMMER Tag Team Championship,90,False,"SHIMMER Tag Team Championship,",7.5,6.0
800,NWA Missouri Heavyweight Championship,1055,True,"NWA Missouri Heavyweight Championship,",,
128,OVW Heavyweight Championship,11,True,"OVW Heavyweight Championship,NWA OVW Heavyweight Championship,",6.13,24.0
66,wXw World Tag Team Championship,35,True,"wXw World Tag Team Championship,wXw Tag Team Championship,",7.48,27.0
3107,AWA International Television Championship,41,False,"AWA International Television Championship,",,
311,Open The Dream Gate Championship,96,True,"Open The Dream Gate Championship,",9.36,70.0
3800,GCW Extreme Championship,710,True,"GCW Extreme Championship,JCW Extreme Championship,",3.5,4.0
645,Open The Owarai Gate Championship,96,False,"Open The Owarai Gate Championship,",,
3237,WWE NXT United Kingdom Championship,1,False,"WWE NXT United Kingdom Championship,WWE United Kingdom Championship,",9.15,124.0
518,PWF United States Heavyweight Championship,259,False,"PWF United States Heavyweight Championship,",,
931,PNW Heavyweight Championship,408,False,"PNW Heavyweight Championship,NWA Pacific Northwest Heavyweight Championship,",,
220,MPW British Commonwealth Junior Heavyweight Championship,1249,False,"MPW British Commonwealth Junior Heavyweight Championship,J-Crown Championship,MPW British Commonwealth Junior Heavyweight Championship,",,
1234,Open The Freedom Gate Championship,601,False,"Open The Freedom Gate Championship,",7.86,7.0
5934,New Blood Tag Team Championship,745,True,"New Blood Tag Team Championship,",,
802,NWA United National Championship,6,False,"NWA United National Championship,",,
389,IWGP Provisional Tag Team Championship,7,False,"IWGP Provisional Tag Team Championship,",1.0,2.0
425,MCW Heavyweight Championship,152,True,"MCW Heavyweight Championship,",,
5548,AEW World Trios Championship,2287,True,"AEW World Trios Championship,",9.1,30.0
555,UWA World Light Heavyweight Championship,68,False,"UWA World Light Heavyweight Championship,",,
1086,Distrito Federal Heavyweight Championship,,False,"Distrito Federal Heavyweight Championship,",,
1954,Regina Di WAVE Championship,326,True,"Regina Di WAVE Championship,",,
355,Anarchy Heavyweight Championship,54,False,"Anarchy Heavyweight Championship,NWA Anarchy Heavyweight Championship,",,
2812,WCR Tag Team Championship,1661,True,"WCR Tag Team Championship,IWR Tag Team  Championship,",,
4604,RCW International Championship,1135,True,"RCW International Championship,RCW Cyber Championship,RCW Television  Championship,",,
4615,WildKat Tag Team Championship,846,True,"WildKat Tag Team Championship,",,
804,NWA International Heavyweight Championship,6,False,"NWA International Heavyweight Championship,",,
337,EWA Intercontinental Championship,65,True,"EWA Intercontinental Championship,",7.81,16.0
4219,WWE 24/7 Championship,1,False,"WWE 24/7 Championship,",2.18,143.0
1100,CMLL World Lightweight Championship,78,True,"CMLL World Lightweight Championship,CMLL World Super Lightweight Championship,",,
4654,IWGP Heavyweight  Championship,7,False,"IWGP Heavyweight  Championship,",3.5,2.0
524,Mexican National Women's Championship,78,True,"Mexican National Women's Championship,",,
540,ECCW Championship,134,True,"ECCW Championship,NWA ECCW Championship,",,
898,NWA OVW Hardcore Championship,11,False,"NWA OVW Hardcore Championship,",,
59,WCW World Tag Team Championship,1,False,"WCW World Tag Team Championship,NWA/WCW Unified World Tag Team Championship,WCW World Tag Team Championship,",7.34,50.0
5813,AAA Leyenda Azul Blue Demon Championship,122,True,"AAA Leyenda Azul Blue Demon Championship,",,
2327,Union Pro Fly To Everywhere World Championship,615,False,"Union Pro Fly To Everywhere World Championship,",,
104,AAA World Mini's Championship,122,True,"AAA World Mini's Championship,",,
148,IWGP Tag Team Championship,7,True,"IWGP Tag Team Championship,",7.2,113.0
170,SMW Tag Team Championship,32,False,"SMW Tag Team Championship,",7.0,3.0
910,All Asia Heavyweight Championship,1896,True,"All Asia Heavyweight Championship,",,
3028,Dove Pro Heavyweight Championship,1772,True,"Dove Pro Heavyweight Championship,",,
1817,Southside Heavyweight Championship,962,False,"Southside Heavyweight Championship,SWE World Heavyweight Championship,SWE Heavyweight Championship,NBW Southside Championship,",7.0,1.0
5889,JCW Championship,710,True,"JCW Championship,",,
2159,FUW Tag Team Championship,768,True,"FUW Tag Team Championship,NWA FUW Tag Team Championship,FUW Tag Team Championship,",,
3482,Princess Tag Team Championship,1467,True,"Princess Tag Team Championship,TOKYO Princess Tag Team Championship,",8.33,3.0
1572,Vendetta Pro International Tag Team Championship,630,True,"Vendetta Pro International Tag Team Championship,NWA International Tag Team   Championship,Vendetta Pro Tag Team Championship,APW/Vendetta Pro Unified Tag Team Championship,Vendetta Pro Tag Team Championship,",,
395,WEW Hardcore Tag Team Championship,137,True,"WEW Hardcore Tag Team Championship,",,
1518,NWA Gulf Coast Heavyweight Championship,499,False,"NWA Gulf Coast Heavyweight Championship,",,
5104,Catalyst Wrestling Championship,3063,True,"Catalyst Wrestling Championship,Capitol Wrestling Championship,",,
144,GHC Tag Team Championship,8,True,"GHC Tag Team Championship,",6.64,28.0
147,IWGP Junior Heavyweight Tag Team Championship,7,True,"IWGP Junior Heavyweight Tag Team Championship,",7.4,105.0
3873,EVE International Championship,659,True,"EVE International Championship,",,
4641,Horror Slam Heavyweight Championship,2544,True,"Horror Slam Heavyweight Championship,",,
3910,NWA Television   Championship,487,False,"NWA Television   Championship,SAW International Heavyweight Championship,SAW Television  Championship,",,
4298,Horror Slam Deathmatch Championship,2544,True,"Horror Slam Deathmatch Championship,",,
4470,CMLL-Japan Women's Championship,78,True,"CMLL-Japan Women's Championship,",4.0,1.0
2906,WWE Women's  Championship,1,True,"WWE Women's  Championship,WWE RAW Women's Championship,WWE Women's  Championship,",7.19,135.0
6069,WWE World Heavyweight  Championship,1,True,"WWE World Heavyweight  Championship,",,
1783,FUW Heavyweight Championship,768,True,"FUW Heavyweight Championship,NWA FUW Heavyweight Championship,FUW Heavyweight Championship,",,
4423,IWS Women's Championship,50,True,"IWS Women's Championship,",,
1997,NWA World Women's Tag Team Championship,9,True,"NWA World Women's Tag Team Championship,",1.5,2.0
2315,HOG Heavyweight Championship,919,True,"HOG Heavyweight Championship,",,
3116,WWE Women's World Championship,1,True,"WWE Women's World Championship,WWE SmackDown Women's Championship,",6.54,123.0
892,MSW Tag Team    Championship,389,False,"MSW Tag Team    Championship,NWA Mountain State Wrestling Tag Team Championship,MSW Tag Team    Championship,",,
2214,PROGRESS Tag Team Championship,903,True,"PROGRESS Tag Team Championship,",7.6,15.0
24,Triple Crown Championship,6,True,"Triple Crown Championship,",9.46,148.0
1501,EVE Championship,257,True,"EVE Championship,",,
207,JAPW Light Heavyweight Championship,30,False,"JAPW Light Heavyweight Championship,",,
344,AWA World Women's Championship,41,False,"AWA World Women's Championship,",,
3129,Impact Grand Championship,5,False,"Impact Grand Championship,IMPACT Grand Championship,",4.13,24.0
4813,Sou Ryuo Tag Team Championship,1228,True,"Sou Ryuo Tag Team Championship,",,
5150,Impact Digital Media Championship,5,True,"Impact Digital Media Championship,",8.08,13.0
2543,FSW Tag Team  Championship,1215,True,"FSW Tag Team  Championship,",,
3291,NKPWA Heavyweight Championship,529,True,"NKPWA Heavyweight Championship,",,
1081,AAA Campeon de Campeones Championship,122,False,"AAA Campeon de Campeones Championship,",,
929,WCW World Women's Championship,119,False,"WCW World Women's Championship,",1.24,21.0
986,WCW United States Tag Team Championship,2,False,"WCW United States Tag Team Championship,NWA United States Tag Team Championship,",6.0,2.0
129,OVW Southern Tag Team Championship,11,True,"OVW Southern Tag Team Championship,NWA OVW Southern Tag Team Championship,",5.63,16.0
2680,IWA World Heavyweight    Championship,1153,False,"IWA World Heavyweight    Championship,",,
3625,Zelo Pro Women's Championship,2072,True,"Zelo Pro Women's Championship,",,
1045,Anarchy Young Lions Championship,54,False,"Anarchy Young Lions Championship,NWA Anarchy Young Lions Championship,",,
2672,GFW Tag Team Championship,1303,False,"GFW Tag Team Championship,",,
3927,RCW      Championship,1135,True,"RCW      Championship,",,
3280,Crown Of Glory Championship,1924,True,"Crown Of Glory Championship,",,
233,WWF International Heavyweight Championship,1,False,"WWF International Heavyweight Championship,",3.0,1.0
2227,King Of FREEDOM World Tag Team Championship,602,True,"King Of FREEDOM World Tag Team Championship,King Of FREEDOM Tag Team Championship,",8.0,1.0
4658,Pan-Afrikan World Diaspora Wrestling World Championship,2762,True,"Pan-Afrikan World Diaspora Wrestling World Championship,Pan-Afrikan World Diaspora Wrestling Championship,",,
717,BJW Tag Team Championship,117,True,"BJW Tag Team Championship,",8.85,13.0
4040,IPW Junior Heavyweight   Championship,1468,False,"IPW Junior Heavyweight   Championship,",,
137,NWA World Television Championship,9,True,"NWA World Television Championship,NWA Television Championship,NWA Mid-Atlantic Television Championship,",7.68,19.0
199,World Class World Tag Team Championship,62,False,"World Class World Tag Team Championship,",,
3626,Pacific Coast Junior Heavyweight Championship,408,False,"Pacific Coast Junior Heavyweight Championship,",,
3571,PWR Tag Team    Championship,1779,True,"PWR Tag Team    Championship,",,
2675,AML Tag Team Championship,1428,True,"AML Tag Team Championship,",,
2,ECW World Television Championship,3,False,"ECW World Television Championship,ECW Television Championship,",7.9,41.0
6097,Tenryu Project United National Tag Team Championship,644,True,"Tenryu Project United National Tag Team Championship,",,
743,WCW Light Heavyweight Championship,2,False,"WCW Light Heavyweight Championship,WCW World Light Heavyweight Championship,",4.5,2.0
3200,ROH World Six Man Tag Team Championship,4,True,"ROH World Six Man Tag Team Championship,",5.93,30.0
5838,NWA Wildside Tag Team Championship,15,False,"NWA Wildside Tag Team Championship,NWA Georgia Tag Team  Championship,",,
1977,RevPro Undisputed British Tag Team Championship,962,True,"RevPro Undisputed British Tag Team Championship,RevPro British Tag Team Championship,",6.5,10.0
2212,FSW Women's Championship,440,True,"FSW Women's Championship,",,
5371,MLW Women's World Featherweight Championship,22,True,"MLW Women's World Featherweight Championship,",7.0,2.0
102,AAA Americas Championship,122,False,"AAA Americas Championship,AAA World Heavyweight  Championship,",,
1958,NWA FUW Women's Championship,768,False,"NWA FUW Women's Championship,",,
1557,NWA World Historic Light Heavyweight Championship,78,True,"NWA World Historic Light Heavyweight Championship,",,
315,Open The Brave Gate Championship,96,True,"Open The Brave Gate Championship,Open The Gamma Gate Championship,Open The Brave Gate Championship,",9.34,29.0
2699,ICW Women's World Championship,218,True,"ICW Women's World Championship,ICW Women's   Championship,",,
179,NWA Worlds Heavyweight Championship,160,True,"NWA Worlds Heavyweight Championship,NWA World Heavyweight Championship,",8.41,153.0
577,WEW Tag Team Championship,2165,True,"WEW Tag Team Championship,",,
1741,BJW World Strong Heavyweight Championship,117,True,"BJW World Strong Heavyweight Championship,",9.29,49.0
4392,AEW World Tag Team Championship,2287,True,"AEW World Tag Team Championship,",9.26,192.0
4994,Million Dollar Championship,1,False,"Million Dollar Championship,",5.54,13.0
521,UWF Heavyweight Championship,64,False,"UWF Heavyweight Championship,",9.0,2.0
1378,NWA Southern Tag Team Championship,2880,False,"NWA Southern Tag Team Championship,",,
2948,WrestlePro Tag Team Championship,1654,True,"WrestlePro Tag Team Championship,",,
1457,WCWA Texas Heavyweight Championship,9,False,"WCWA Texas Heavyweight Championship,NWA Texas Heavyweight Championship,Texas Heavyweight Championship,",,
5252,Internet Championship,,True,"Internet Championship,",7.67,3.0
21,All Asia Tag Team Championship,6,True,"All Asia Tag Team Championship,",6.53,15.0
92,CMLL World Light Heavyweight Championship,78,True,"CMLL World Light Heavyweight Championship,",,
234,WWF International Tag Team Championship,1,False,"WWF International Tag Team Championship,WWWF International Tag Team Championship,",4.5,2.0
1554,AAA World Trios Championship,122,True,"AAA World Trios Championship,",,
131,NWA National Heavyweight Championship,160,True,"NWA National Heavyweight Championship,",,
4642,Horror Slam Tag Team Championship,2544,True,"Horror Slam Tag Team Championship,",,
5043,Zona 23 Extremo Championship,2240,True,"Zona 23 Extremo Championship,",8.0,1.0
739,KO-D Openweight Championship,118,True,"KO-D Openweight Championship,",8.8,35.0
143,GHC Junior Heavyweight Tag Team Championship,8,True,"GHC Junior Heavyweight Tag Team Championship,",7.65,23.0
121,ROH World Championship,4,True,"ROH World Championship,ROH Championship,",9.25,327.0
787,UWF North American Championship,64,False,"UWF North American Championship,Mid-South North American Championship,NWA Tri-State North American Championship,",,
755,World Heavyweight    Championship,1,False,"World Heavyweight    Championship,WCW World Heavyweight Championship,",6.85,81.0
4227,MLW National Openweight Championship,22,True,"MLW National Openweight Championship,",7.0,1.0
4215,TNT Women's Championship,1530,True,"TNT Women's Championship,",,
1114,LPWA Championship,541,False,"LPWA Championship,",,
226,MLW World Tag Team Championship,22,True,"MLW World Tag Team Championship,MLW Global Tag Team Championship,",8.0,4.0
1196,Impact Knockouts Tag Team Championship,5,True,"Impact Knockouts Tag Team Championship,TNA Women's Knockout Tag Team Championship,",3.19,62.0
1576,Wonder Of Stardom Championship,745,True,"Wonder Of Stardom Championship,",9.63,59.0
526,Mexican National Cruiserweight Championship,,False,"Mexican National Cruiserweight Championship,",,
2827,RevPro Undisputed British Cruiserweight Championship,962,True,"RevPro Undisputed British Cruiserweight Championship,RevPro British Cruiserweight Championship,",9.0,9.0
5954,FUCK! U-30 Inter Natural Championship,3558,False,"FUCK! U-30 Inter Natural Championship,",,
2542,FSW No Limits Championship,1215,True,"FSW No Limits Championship,",,
650,Impact Knockouts World Championship,5,True,"Impact Knockouts World Championship,Impact Knockouts Championship,GFW Knockouts Championship,Impact Women's Knockout Championship,TNA Women's Knockout Championship,",7.93,105.0
1026,TNA King Of The Mountain Championship,5,False,"TNA King Of The Mountain Championship,TNA Television Championship,TNA Global Championship,TNA Legends Championship,",3.29,100.0
2037,SHINE Championship,940,True,"SHINE Championship,",8.25,8.0
801,WCW International World Heavyweight Championship,2,False,"WCW International World Heavyweight Championship,",9.57,7.0
198,World Class World Heavyweight Championship,62,False,"World Class World Heavyweight Championship,",8.0,3.0
1734,TWF World Women's Championship,153,False,"TWF World Women's Championship,",,
3154,UWF World Heavyweight Championship,300,False,"UWF World Heavyweight Championship,",,
478,UWA World Welterweight Championship,68,False,"UWA World Welterweight Championship,",,
4922,GCW Ultraviolent Championship,710,True,"GCW Ultraviolent Championship,",8.83,6.0
576,NWA World Light Heavyweight Championship,9,False,"NWA World Light Heavyweight Championship,",,
225,MLW Junior Heavyweight Championship,22,False,"MLW Junior Heavyweight Championship,",,
18,WWE Women's Championship,1,False,"WWE Women's Championship,World Women's Championship,WWE World Women's Championship,WWF World Women's Championship,",5.58,139.0
1555,AAA Latin America Championship,122,True,"AAA Latin America Championship,",7.0,1.0
803,PWF Heavyweight Championship,6,False,"PWF Heavyweight Championship,",,
788,Mid-South Louisiana Championship,64,False,"Mid-South Louisiana Championship,NWA Tri-State Louisiana Championship,NWA Gulf Coast Louisiana Championship,",,
4884,WWE NXT Women's Tag Team Championship,1,False,"WWE NXT Women's Tag Team Championship,",4.1,31.0
904,WWE Divas Championship,1,False,"WWE Divas Championship,Unified WWE Divas Championship,WWE Divas Championship,",2.6,187.0
5424,AEW International Championship,2287,True,"AEW International Championship,AEW All-Atlantic Championship,",7.51,79.0
180,NWA World Tag Team Championship,9,True,"NWA World Tag Team Championship,NWA/WCW Unified World Tag Team Championship,NWA World Tag Team Championship,",7.08,36.0
558,Impact World Tag Team Championship,5,True,"Impact World Tag Team Championship,GFW Tag Team  Championship,Impact World Tag Team Championship,TNA World Tag Team Championship,",7.2,113.0
210,JWP Openweight Championship,120,False,"JWP Openweight Championship,",,
1846,GAORA TV Championship,6,True,"GAORA TV Championship,",6.0,2.0
1894,Artist Of Stardom Championship,745,True,"Artist Of Stardom Championship,",7.82,17.0
969,NWA Pacific Northwest Tag Team Championship,9,False,"NWA Pacific Northwest Tag Team Championship,",,
1200,Occidente Light Heavyweight Championship,78,True,"Occidente Light Heavyweight Championship,",,
2673,GFW NEXGEN Championship,1303,False,"GFW NEXGEN Championship,",7.0,7.0
5691,IWGP Women's Championship,745,True,"IWGP Women's Championship,",7.0,3.0
4938,NJPW STRONG Openweight Championship,7,True,"NJPW STRONG Openweight Championship,",6.15,26.0
525,Mexican National Tag Team Championship,78,True,"Mexican National Tag Team Championship,",,
1789,WWE NXT Championship,1,True,"WWE NXT Championship,",9.15,320.0
741,DDT Extreme Championship,118,True,"DDT Extreme Championship,",9.21,19.0
345,NWA World Women's Championship,9,True,"NWA World Women's Championship,",7.0,2.0
3441,KO-D Ten Man Tag Team Championship,118,True,"KO-D Ten Man Tag Team Championship,KO-D Eight Man Tag Team Championship,KO-D Ten Man Tag Team Championship,",8.0,1.0
2768,NEVER Openweight Six Man Tag Team Championship,7,True,"NEVER Openweight Six Man Tag Team Championship,",5.71,111.0
95,CMLL World Women's Championship,78,True,"CMLL World Women's Championship,",6.0,1.0
565,AAW Heavyweight Championship,264,True,"AAW Heavyweight Championship,",8.0,3.0
840,SSW Heavyweight Championship,204,True,"SSW Heavyweight Championship,",,
356,Anarchy Television Championship,54,False,"Anarchy Television Championship,NWA Anarchy Television Championship,",,
676,GCW Tag Team Championship,325,False,"GCW Tag Team Championship,",,
3085,New South Championship,1695,True,"New South Championship,",,
1169,WWA World Heavyweight Championship,123,True,"WWA World Heavyweight Championship,",,
5035,SPW Southeast Asian Championship,1139,True,"SPW Southeast Asian Championship,",9.0,1.0
2422,DDT King Of Dark Championship,118,False,"DDT King Of Dark Championship,",10.0,2.0
491,Mexican National Heavyweight Championship,78,True,"Mexican National Heavyweight Championship,",,
5821,NJPW World Television Championship,7,True,"NJPW World Television Championship,",8.0,1.0
61,WWE RAW Tag Team Championship,1,True,"WWE RAW Tag Team Championship,WWE Tag Team Championship,Unified WWE Tag Team Championship,WWE Tag Team Championship,",6.16,287.0
25,AJPW World Tag Team Championship,6,True,"AJPW World Tag Team Championship,",8.74,35.0
2739,IPW Women's   Championship,1468,False,"IPW Women's   Championship,IPW:UK Women's Championship,",,
1040,NWA Mid-America Heavyweight Championship,2811,False,"NWA Mid-America Heavyweight Championship,",,
1202,Distrito Federal Tag Team Championship,,True,"Distrito Federal Tag Team Championship,",,
575,SHIMMER Championship,90,False,"SHIMMER Championship,",9.18,22.0
656,WWF World Women's Tag Team Championship,1,False,"WWF World Women's Tag Team Championship,",6.14,7.0
2535,GWC Six Man Tag Team Championship,1413,False,"GWC Six Man Tag Team Championship,",,
6145,OPW Heavyweight    Championship,3635,True,"OPW Heavyweight    Championship,",,
756,NWA North American Tag Team  Championship,7,False,"NWA North American Tag Team  Championship,",,
4999,BWM Championship,3005,True,"BWM Championship,",,
120,ROH Pure Championship,4,True,"ROH Pure Championship,ROH Pure Wrestling Championship,",8.95,74.0
4603,Montreal World Heavyweight Championship,2173,False,"Montreal World Heavyweight Championship,",,
145,IWGP Heavyweight Championship,7,False,"IWGP Heavyweight Championship,",9.8,401.0
94,CMLL World Welterweight Championship,78,True,"CMLL World Welterweight Championship,",8.0,1.0
1865,NEVER Openweight Championship,7,True,"NEVER Openweight Championship,",8.28,128.0
91,CMLL World Heavyweight Championship,78,True,"CMLL World Heavyweight Championship,EMLL World Heavyweight Championship,",,
3182,EMW World Middleweight Championship,1753,True,"EMW World Middleweight Championship,",,
1134,AWA Americas Heavyweight Championship,41,False,"AWA Americas Heavyweight Championship,",,
708,ZERO1 World Heavyweight Championship,13,True,"ZERO1 World Heavyweight Championship,ZERO1-MAX World Heavyweight Championship,",7.33,12.0
403,Tenryu Project International Junior Heavyweight Championship,644,True,"Tenryu Project International Junior Heavyweight Championship,WAR International Junior Heavyweight Championship,J-Crown Championship,WAR International Junior Heavyweight Championship,",,
759,WCW United States Championship,1,False,"WCW United States Championship,WCW United States Heavyweight Championship,",7.81,47.0
4476,BJW Women's Championship,117,False,"BJW Women's Championship,",,
3102,WWE Universal Championship,1,True,"WWE Universal Championship,",3.54,278.0
141,GHC Hardcore Openweight Championship,8,False,"GHC Hardcore Openweight Championship,GHC Hardcore Openweight Tag Team Championship,GHC Hardcore Openweight Championship,",3.56,18.0
464,WEW Heavyweight Championship,2165,True,"WEW Heavyweight Championship,WEW World Heavyweight Championship,",4.5,2.0
357,Anarchy Tag Team Championship,54,False,"Anarchy Tag Team Championship,NWA Anarchy Tag Team Championship,",,
1272,ROH World Television Championship,4,True,"ROH World Television Championship,",7.62,71.0
181,Impact X-Division Championship,5,True,"Impact X-Division Championship,GFW X-Division Championship,Impact X-Division Championship,TNA X-Division Championship,NWA TNA X Championship,",8.32,189.0
343,AWA World Light Heavyweight Championship,41,False,"AWA World Light Heavyweight Championship,",0.0,1.0
461,BJW Death Match Heavyweight Championship,117,True,"BJW Death Match Heavyweight Championship,",9.15,34.0
5908,NWA World Women's Television Championship,9,True,"NWA World Women's Television Championship,",,
4382,IRON FIST Tag Team Championship,2649,True,"IRON FIST Tag Team Championship,",,
479,NWF Heavyweight   Championship,7,False,"NWF Heavyweight   Championship,NWF World Heavyweight Championship,",,
2715,PPW Tag Team    Championship,1526,True,"PPW Tag Team    Championship,",,
922,BJW World Junior Heavyweight Championship,117,False,"BJW World Junior Heavyweight Championship,",,
3057,AML Prestige Championship,1428,True,"AML Prestige Championship,",,
4588,Niigata Openweight Championship,2716,True,"Niigata Openweight Championship,",,
4661,FTW Championship,2287,True,"FTW Championship,",4.0,83.0
2299,FULL World Championship,939,False,"FULL World Championship,",,
4706,Lariato Pro Championship,2454,True,"Lariato Pro Championship,",,
140,GHC Heavyweight Championship,8,True,"GHC Heavyweight Championship,",9.35,138.0
69,WWA World Welterweight Championship,123,True,"WWA World Welterweight Championship,",,
5552,NWA United States Tag Team       Championship,9,True,"NWA United States Tag Team       Championship,",6.0,1.0
2391,MAX Maximo Championship,957,True,"MAX Maximo Championship,MAX Heavyweight Championship,",,
2518,Occidente Trios Championship,78,True,"Occidente Trios Championship,",,
82,ZERO1 International Junior Heavyweight Championship,13,True,"ZERO1 International Junior Heavyweight Championship,ZERO1-MAX International Junior Heavyweight Championship,AWA World Junior Heavyweight Championship,AWA/ZERO1-MAX/UPW/WORLD-1 Junior Heavyweight Championship,UPW/ZERO-ONE/WORLD-1 International Junior Heavyweight Championship,NWA/UPW/ZERO-ONE International Junior Heavyweight Championship,",5.67,6.0
1723,PROGRESS World Championship,903,True,"PROGRESS World Championship,PROGRESS Unified World Championship,PROGRESS World Championship,PROGRESS Championship,",8.96,53.0
20,WWE Championship,1,True,"WWE Championship,WWE World Championship,WWE Championship,WWE World Heavyweight Championship,WWE Heavyweight Championship,WWE Undisputed World Heavyweight Championship,WWF Undisputed World Heavyweight Championship,WWF World Heavyweight Championship,WWF Heavyweight Championship,WWWF Heavyweight Championship,WWWF World Heavyweight Championship,",9.0,663.0
557,Impact World Championship,5,True,"Impact World Championship,Impact Global Championship,GFW Impact World Heavyweight Championship,Impact World Heavyweight Championship,TNA World Heavyweight Championship,",7.26,197.0
1650,IWC World Heavyweight  Championship,642,False,"IWC World Heavyweight  Championship,",,
1029,CMLL Arena Coliseo Tag Team Championship,78,True,"CMLL Arena Coliseo Tag Team Championship,",1.0,1.0
528,Mexican National Middleweight Championship,122,True,"Mexican National Middleweight Championship,",,
149,WCW Cruiserweight Tag Team Championship,2,False,"WCW Cruiserweight Tag Team Championship,",4.14,36.0
1467,NWA Southeastern Heavyweight  Championship,726,False,"NWA Southeastern Heavyweight  Championship,NWA Smoky Mountain Heavyweight Championship,CWA World Heavyweight Championship,",,
5837,NWA Wildside Heavyweight Championship,15,False,"NWA Wildside Heavyweight Championship,NWA Georgia Heavyweight  Championship,MCW Georgia Heavyweight Championship,",,
4503,DDT Universal Championship,118,True,"DDT Universal Championship,",8.41,17.0
2998,SWA Undisputed World Women's Championship,701,True,"SWA Undisputed World Women's Championship,",5.43,14.0
4332,O-40 Championship,118,True,"O-40 Championship,",7.0,2.0
153,NWA Florida Heavyweight Championship,437,False,"NWA Florida Heavyweight Championship,",,
1955,AAA Fusion Championship,122,False,"AAA Fusion Championship,",,
2826,NWA United States Tag Team   Championship,499,False,"NWA United States Tag Team   Championship,",,
495,Mexican National Light Heavyweight Championship,78,True,"Mexican National Light Heavyweight Championship,",,
2520,International Heavyweight Championship,535,False,"International Heavyweight Championship,",,
4214,TNT World Championship,1530,True,"TNT World Championship,",,
391,STRONGEST-K Tag Team Championship,137,False,"STRONGEST-K Tag Team Championship,",,
5311,WWF World Martial Arts Heavyweight Championship,7,False,"WWF World Martial Arts Heavyweight Championship,",3.0,1.0
1,ECW Heavyweight   Championship,1,False,"ECW Heavyweight   Championship,ECW World Heavyweight  Championship,",6.07,206.0
5220,IWR United States Championship,1633,True,"IWR United States Championship,",,
22,NWA Mid-America Television Championship,2811,False,"NWA Mid-America Television Championship,CWA Television    Championship,",4.0,1.0
3400,IWGP United States Heavyweight Championship,7,True,"IWGP United States Heavyweight Championship,",7.31,110.0
3656,Smash Tag Team Championship,992,True,"Smash Tag Team Championship,",,
1250,PWR World Women's Championship,368,True,"PWR World Women's Championship,PWR Women's Championship,",,
522,Mexican National Lightweight Championship,78,True,"Mexican National Lightweight Championship,",,
2598,British Empire Women's Championship,1342,True,"British Empire Women's Championship,",,
3426,Kyushu Pro Tag Team Championship,676,True,"Kyushu Pro Tag Team Championship,",,
3694,WrestlePro Silver Championship,1654,True,"WrestlePro Silver Championship,",,
2224,Union Pro MAX Championship,2649,True,"Union Pro MAX Championship,",,
5224,AEW TBS Championship,2287,True,"AEW TBS Championship,",4.33,73.0
3320,PWR Scramble Championship,1779,False,"PWR Scramble Championship,",,
870,UWN Heritage Championship,2870,True,"UWN Heritage Championship,CWFH Heritage Heavyweight Championship,NWA Heritage Championship,",,
5497,NJPW STRONG Openweight Tag Team Championship,7,True,"NJPW STRONG Openweight Tag Team Championship,",8.0,3.0
1995,ECW Pennsylvania Heavyweight Championship,3,False,"ECW Pennsylvania Heavyweight Championship,",3.0,2.0
3754,MLW World Middleweight Championship,22,True,"MLW World Middleweight Championship,MLW Middleweight Championship,",7.88,8.0
5649,CMLL World Micro Championship,78,True,"CMLL World Micro Championship,",,
758,WCW World Cruiserweight Championship,2,False,"WCW World Cruiserweight Championship,",9.04,48.0
200,World Class World Light Heavyweight Championship,62,False,"World Class World Light Heavyweight Championship,",,
3797,GCW Tag Team   Championship,710,True,"GCW Tag Team   Championship,JCW Tag Team  Championship,",6.0,3.0
1629,REINA World Tag Team Championship,752,False,"REINA World Tag Team Championship,REINA X World Tag Team Championship,CMLL-REINA Tag Team Championship,",,
4578,AEW TNT Championship,2287,True,"AEW TNT Championship,",6.71,144.0
222,MPW Tohoku Junior Heavyweight Championship,82,True,"MPW Tohoku Junior Heavyweight Championship,",,
3872,Synergy Championship,2015,False,"Synergy Championship,",,
224,MLW World Heavyweight Championship,22,True,"MLW World Heavyweight Championship,",7.47,19.0
2540,AML Championship,1428,True,"AML Championship,",,
5072,Horror Slam Undeniable Championship,2544,True,"Horror Slam Undeniable Championship,",,
1561,UWN Television Championship,2870,True,"UWN Television Championship,CWFH International Television Championship,NWA International Television Championship,",,
988,NWA Southern Heavyweight Championship,2880,False,"NWA Southern Heavyweight Championship,NWA Florida Southern Heavyweight Championship,",,
138,NWA World Middleweight Championship,78,False,"NWA World Middleweight Championship,",,
2059,wXw Shotgun Championship,35,True,"wXw Shotgun Championship,",7.44,16.0
4805,PWF United States Heavyweight  Championship,6,False,"PWF United States Heavyweight  Championship,United States Heavyweight  Championship,",,
470,WEW Hardcore Championship,242,False,"WEW Hardcore Championship,",,
3181,Phoenix Of RISE Championship,1876,True,"Phoenix Of RISE Championship,",,
1171,WWA World Lightweight Championship,123,False,"WWA World Lightweight Championship,",,
54,AWA World Heavyweight Championship,41,False,"AWA World Heavyweight Championship,",7.95,20.0
62,WWE United States Championship,1,True,"WWE United States Championship,",7.07,343.0
4066,WWE Women's Tag Team Championship,1,True,"WWE Women's Tag Team Championship,",3.72,112.0
103,AAA World Mixed Tag Team Championship,122,True,"AAA World Mixed Tag Team Championship,",,
493,UWA World Heavyweight Championship,68,True,"UWA World Heavyweight Championship,",,
88,BCW Heavyweight   Championship,85,True,"BCW Heavyweight   Championship,BCW Can-Am Heavyweight Championship,",,
15,WWF Light Heavyweight Championship,1,False,"WWF Light Heavyweight Championship,J-Crown Championship,WWF Light Heavyweight Championship,",4.8,59.0
3796,GCW World Championship,710,True,"GCW World Championship,JCW Heavyweight  Championship,",9.33,15.0
1028,CMLL World Trios Championship,78,True,"CMLL World Trios Championship,",,
3579,RevPro Undisputed British Women's Championship,962,True,"RevPro Undisputed British Women's Championship,RevPro British Women's Championship,",5.0,1.0
1201,Occidente Middleweight Championship,78,True,"Occidente Middleweight Championship,Jalisco Middleweight Championship,",,
757,ECW World Heavyweight Championship,3,False,"ECW World Heavyweight Championship,ECW Heavyweight Championship,",9.07,68.0
4804,AJPW TV Six Man Tag Team Championship,6,True,"AJPW TV Six Man Tag Team Championship,",,
3373,PROGRESS Women's Championship,903,True,"PROGRESS Women's Championship,",7.6,5.0
1172,WWA World Tag Team  Championship,123,True,"WWA World Tag Team  Championship,",,
3250,J1 Heavyweight Championship,161,False,"J1 Heavyweight Championship,",,
4685,NJPW King Of Pro-Wrestling Championship,7,True,"NJPW King Of Pro-Wrestling Championship,",2.96,80.0
87,WCW Hardcore Championship,2,False,"WCW Hardcore Championship,",2.68,50.0
3967,WWWF United States Heavyweight Championship,1,False,"WWWF United States Heavyweight Championship,",1.0,1.0
783,UWA World Tag Team Championship,137,True,"UWA World Tag Team Championship,",,
1333,High Speed Championship,745,True,"High Speed Championship,NEO High Speed Championship,",8.26,34.0
477,UWA World Junior Light Heavyweight Championship,82,False,"UWA World Junior Light Heavyweight Championship,J-Crown Championship,UWA World Junior Light Heavyweight Championship,",,
4606,RCW Women's    Championship,1135,True,"RCW Women's    Championship,RCW Angels Division Championship,",,
5,AAA World Tag Team Championship,122,True,"AAA World Tag Team Championship,",8.0,1.0
2962,Ryuo Championship,1228,True,"Ryuo Championship,",,
3296,NWA World Six Man Tag Team Championship,9,False,"NWA World Six Man Tag Team Championship,",,
367,NWA North American Heavyweight Championship,9,False,"NWA North American Heavyweight Championship,",,
1155,WWA World Junior Light Heavyweight Championship,123,True,"WWA World Junior Light Heavyweight Championship,J-Crown Championship,WWA World Junior Light Heavyweight Championship,",,
396,UWA World Middleweight Championship,137,True,"UWA World Middleweight Championship,",,
1968,EVOLVE Championship,601,False,"EVOLVE Championship,",8.89,36.0
3819,WWE NXT UK Women's Championship,1,False,"WWE NXT UK Women's Championship,WWE NXT UK  Championship,WWE NXT UK Women's Championship,",8.39,33.0
404,Tenryu Project International Junior Heavyweight Tag Team Championship,644,True,"Tenryu Project International Junior Heavyweight Tag Team Championship,WAR International Junior Heavyweight Tag Team Championship,",,
1577,World Of Stardom Championship,745,True,"World Of Stardom Championship,",9.58,67.0
264,UWF Tag Team Championship,64,False,"UWF Tag Team Championship,Mid-South Tag Team Championship,",,
